SLD,Symbol_ID,X,Y,BB_Width,BB_Height,Effective_Scale,Source
SLD1,SLD1_GT_0,210,84,72,46,3.066666666666667,Reconstructed from Stage 2.5 Base Template Dimensions
SLD1,SLD1_GT_1,236,100,72,46,3.066666666666667,Reconstructed from Stage 2.5 Base Template Dimensions
SLD1,SLD1_GT_2,816,117,72,46,3.066666666666667,Reconstructed from Stage 2.5 Base Template Dimensions
SLD1,SLD1_GT_3,34,103,60,38,2.533333333333333,Reconstructed from Stage 2.5 Base Template Dimensions
SLD1,SLD1_GT_4,123,103,60,38,2.533333333333333,Reconstructed from Stage 2.5 Base Template Dimensions
SLD1,SLD1_GT_5,365,104,56,36,2.4,Reconstructed from Stage 2.5 Base Template Dimensions
SLD1,SLD1_GT_6,0,93,52,33,2.2,Reconstructed from Stage 2.5 Base Template Dimensions
SLD1,SLD1_GT_7,63,93,52,33,2.2,Reconstructed from Stage 2.5 Base Template Dimensions
SLD1,SLD1_GT_8,93,93,52,33,2.2,Reconstructed from Stage 2.5 Base Template Dimensions
SLD1,SLD1_GT_9,1198,103,68,43,2.8666666666666667,Reconstructed from Stage 2.5 Base Template Dimensions
SLD1,SLD1_GT_10,574,102,68,43,2.8666666666666667,Reconstructed from Stage 2.5 Base Template Dimensions
SLD1,SLD1_GT_11,1278,103,68,43,2.8666666666666667,Reconstructed from Stage 2.5 Base Template Dimensions
SLD1,SLD1_GT_12,753,146,43,68,4.533333333333333,Reconstructed from Stage 2.5 Base Template Dimensions
SLD1,SLD1_GT_13,772,117,36,23,1.5333333333333334,Reconstructed from Stage 2.5 Base Template Dimensions
SLD1,SLD1_GT_14,153,108,36,23,1.5333333333333334,Reconstructed from Stage 2.5 Base Template Dimensions
SLD1,SLD1_GT_15,1104,117,36,23,1.5333333333333334,Reconstructed from Stage 2.5 Base Template Dimensions
SLD1,SLD1_GT_16,1167,125,36,23,1.5333333333333334,Reconstructed from Stage 2.5 Base Template Dimensions
SLD1,SLD1_GT_17,996,120,60,38,2.533333333333333,Reconstructed from Stage 2.5 Base Template Dimensions
SLD1,SLD1_GT_18,672,48,36,23,1.5333333333333334,Reconstructed from Stage 2.5 Base Template Dimensions
SLD1,SLD1_GT_19,880,119,64,41,2.7333333333333334,Reconstructed from Stage 2.5 Base Template Dimensions
SLD1,SLD1_GT_20,753,198,43,68,4.533333333333333,Reconstructed from Stage 2.5 Base Template Dimensions
SLD1,SLD1_GT_21,633,117,23,36,2.4,Reconstructed from Stage 2.5 Base Template Dimensions
SLD2,SLD2_GT_0,887,1,36,56,3.7333333333333334,Reconstructed from Stage 2.5 Base Template Dimensions
SLD2,SLD2_GT_1,875,157,36,23,1.5333333333333334,Reconstructed from Stage 2.5 Base Template Dimensions
SLD2,SLD2_GT_2,465,140,56,36,2.4,Reconstructed from Stage 2.5 Base Template Dimensions
SLD2,SLD2_GT_3,887,355,36,56,3.7333333333333334,Reconstructed from Stage 2.5 Base Template Dimensions
SLD2,SLD2_GT_4,912,149,36,23,1.5333333333333334,Reconstructed from Stage 2.5 Base Template Dimensions
SLD2,SLD2_GT_5,896,312,23,36,2.4,Reconstructed from Stage 2.5 Base Template Dimensions
SLD2,SLD2_GT_6,886,105,38,60,4.0,Reconstructed from Stage 2.5 Base Template Dimensions
SLD2,SLD2_GT_7,889,219,33,52,3.466666666666667,Reconstructed from Stage 2.5 Base Template Dimensions
SLD2,SLD2_GT_8,10,415,52,33,2.2,Reconstructed from Stage 2.5 Base Template Dimensions
SLD2,SLD2_GT_9,901,442,33,52,3.466666666666667,Reconstructed from Stage 2.5 Base Template Dimensions
SLD2,SLD2_GT_10,949,154,52,33,2.2,Reconstructed from Stage 2.5 Base Template Dimensions
SLD2,SLD2_GT_11,504,142,52,33,2.2,Reconstructed from Stage 2.5 Base Template Dimensions
SLD2,SLD2_GT_12,534,142,52,33,2.2,Reconstructed from Stage 2.5 Base Template Dimensions
SLD2,SLD2_GT_13,567,142,52,33,2.2,Reconstructed from Stage 2.5 Base Template Dimensions
SLD2,SLD2_GT_14,600,142,52,33,2.2,Reconstructed from Stage 2.5 Base Template Dimensions
SLD2,SLD2_GT_15,846,142,52,33,2.2,Reconstructed from Stage 2.5 Base Template Dimensions
SLD2,SLD2_GT_16,630,142,52,33,2.2,Reconstructed from Stage 2.5 Base Template Dimensions
SLD2,SLD2_GT_17,660,142,52,33,2.2,Reconstructed from Stage 2.5 Base Template Dimensions
SLD2,SLD2_GT_18,690,142,52,33,2.2,Reconstructed from Stage 2.5 Base Template Dimensions
SLD2,SLD2_GT_19,720,142,52,33,2.2,Reconstructed from Stage 2.5 Base Template Dimensions
SLD2,SLD2_GT_20,750,142,52,33,2.2,Reconstructed from Stage 2.5 Base Template Dimensions
SLD2,SLD2_GT_21,780,142,52,33,2.2,Reconstructed from Stage 2.5 Base Template Dimensions
SLD2,SLD2_GT_22,810,142,52,33,2.2,Reconstructed from Stage 2.5 Base Template Dimensions
SLD2,SLD2_GT_23,901,472,33,52,3.466666666666667,Reconstructed from Stage 2.5 Base Template Dimensions
SLD2,SLD2_GT_24,901,502,33,52,3.466666666666667,Reconstructed from Stage 2.5 Base Template Dimensions
SLD2,SLD2_GT_25,901,532,33,52,3.466666666666667,Reconstructed from Stage 2.5 Base Template Dimensions
SLD2,SLD2_GT_26,901,562,33,52,3.466666666666667,Reconstructed from Stage 2.5 Base Template Dimensions
SLD2,SLD2_GT_27,901,592,33,52,3.466666666666667,Reconstructed from Stage 2.5 Base Template Dimensions
SLD2,SLD2_GT_28,901,622,33,52,3.466666666666667,Reconstructed from Stage 2.5 Base Template Dimensions
SLD2,SLD2_GT_29,889,184,33,52,3.466666666666667,Reconstructed from Stage 2.5 Base Template Dimensions
SLD2,SLD2_GT_30,889,258,33,52,3.466666666666667,Reconstructed from Stage 2.5 Base Template Dimensions
SLD2,SLD2_GT_31,902,27,30,48,3.2,Reconstructed from Stage 2.5 Base Template Dimensions
SLD2,SLD2_GT_32,430,430,36,23,1.5333333333333334,Reconstructed from Stage 2.5 Base Template Dimensions
SLD2,SLD2_GT_33,470,422,36,23,1.5333333333333334,Reconstructed from Stage 2.5 Base Template Dimensions
SLD2,SLD2_GT_34,704,324,56,36,2.4,Reconstructed from Stage 2.5 Base Template Dimensions
SLD2,SLD2_GT_35,788,324,56,36,2.4,Reconstructed from Stage 2.5 Base Template Dimensions
SLD2,SLD2_GT_36,631,337,56,36,2.4,Reconstructed from Stage 2.5 Base Template Dimensions
SLD2,SLD2_GT_37,984,149,36,23,1.5333333333333334,Reconstructed from Stage 2.5 Base Template Dimensions
SLD2,SLD2_GT_38,37,333,36,23,1.5333333333333334,Reconstructed from Stage 2.5 Base Template Dimensions
SLD2,SLD2_GT_39,121,333,36,23,1.5333333333333334,Reconstructed from Stage 2.5 Base Template Dimensions
SLD2,SLD2_GT_40,206,333,36,23,1.5333333333333334,Reconstructed from Stage 2.5 Base Template Dimensions
SLD2,SLD2_GT_41,291,333,36,23,1.5333333333333334,Reconstructed from Stage 2.5 Base Template Dimensions
SLD2,SLD2_GT_42,376,333,36,23,1.5333333333333334,Reconstructed from Stage 2.5 Base Template Dimensions
SLD2,SLD2_GT_43,461,333,36,23,1.5333333333333334,Reconstructed from Stage 2.5 Base Template Dimensions
SLD2,SLD2_GT_44,548,333,36,23,1.5333333333333334,Reconstructed from Stage 2.5 Base Template Dimensions
SLD2,SLD2_GT_45,971,333,36,23,1.5333333333333334,Reconstructed from Stage 2.5 Base Template Dimensions
SLD2,SLD2_GT_46,904,380,23,36,2.4,Reconstructed from Stage 2.5 Base Template Dimensions
SLD2,SLD2_GT_47,851,336,60,38,2.533333333333333,Reconstructed from Stage 2.5 Base Template Dimensions
SLD2,SLD2_GT_48,734,323,60,38,2.533333333333333,Reconstructed from Stage 2.5 Base Template Dimensions
SLD2,SLD2_GT_49,465,617,32,20,1.3333333333333333,Reconstructed from Stage 2.5 Base Template Dimensions
SLD2,SLD2_GT_50,601,323,60,38,2.533333333333333,Reconstructed from Stage 2.5 Base Template Dimensions
SLD2,SLD2_GT_51,816,336,60,38,2.533333333333333,Reconstructed from Stage 2.5 Base Template Dimensions
SLD3,SLD3_GT_0,881,332,36,23,1.5333333333333334,Reconstructed from Stage 2.5 Base Template Dimensions
SLD3,SLD3_GT_1,1741,311,23,36,2.4,Reconstructed from Stage 2.5 Base Template Dimensions
SLD3,SLD3_GT_2,1720,340,36,23,1.5333333333333334,Reconstructed from Stage 2.5 Base Template Dimensions
SLD3,SLD3_GT_3,977,84,30,48,3.2,Reconstructed from Stage 2.5 Base Template Dimensions
SLD3,SLD3_GT_4,1731,74,38,60,4.0,Reconstructed from Stage 2.5 Base Template Dimensions
SLD3,SLD3_GT_5,199,172,36,23,1.5333333333333334,Reconstructed from Stage 2.5 Base Template Dimensions
SLD3,SLD3_GT_6,34,85,30,48,3.2,Reconstructed from Stage 2.5 Base Template Dimensions
SLD3,SLD3_GT_7,841,51,32,20,1.3333333333333333,Reconstructed from Stage 2.5 Base Template Dimensions
SLD3,SLD3_GT_8,1098,172,36,23,1.5333333333333334,Reconstructed from Stage 2.5 Base Template Dimensions
SLD3,SLD3_GT_9,914,325,52,33,2.2,Reconstructed from Stage 2.5 Base Template Dimensions
SLD3,SLD3_GT_10,946,325,52,33,2.2,Reconstructed from Stage 2.5 Base Template Dimensions
SLD3,SLD3_GT_11,982,325,52,33,2.2,Reconstructed from Stage 2.5 Base Template Dimensions
SLD3,SLD3_GT_12,1014,325,52,33,2.2,Reconstructed from Stage 2.5 Base Template Dimensions
SLD3,SLD3_GT_13,1686,325,52,33,2.2,Reconstructed from Stage 2.5 Base Template Dimensions
SLD3,SLD3_GT_14,1044,325,52,33,2.2,Reconstructed from Stage 2.5 Base Template Dimensions
SLD3,SLD3_GT_15,1074,325,52,33,2.2,Reconstructed from Stage 2.5 Base Template Dimensions
SLD3,SLD3_GT_16,1104,325,52,33,2.2,Reconstructed from Stage 2.5 Base Template Dimensions
SLD3,SLD3_GT_17,1134,325,52,33,2.2,Reconstructed from Stage 2.5 Base Template Dimensions
SLD3,SLD3_GT_18,1164,325,52,33,2.2,Reconstructed from Stage 2.5 Base Template Dimensions
SLD3,SLD3_GT_19,1194,325,52,33,2.2,Reconstructed from Stage 2.5 Base Template Dimensions
SLD3,SLD3_GT_20,1224,325,52,33,2.2,Reconstructed from Stage 2.5 Base Template Dimensions
SLD3,SLD3_GT_21,1254,325,52,33,2.2,Reconstructed from Stage 2.5 Base Template Dimensions
SLD3,SLD3_GT_22,1284,325,52,33,2.2,Reconstructed from Stage 2.5 Base Template Dimensions
SLD3,SLD3_GT_23,1314,325,52,33,2.2,Reconstructed from Stage 2.5 Base Template Dimensions
SLD3,SLD3_GT_24,1344,325,52,33,2.2,Reconstructed from Stage 2.5 Base Template Dimensions
SLD3,SLD3_GT_25,1374,325,52,33,2.2,Reconstructed from Stage 2.5 Base Template Dimensions
SLD3,SLD3_GT_26,1404,325,52,33,2.2,Reconstructed from Stage 2.5 Base Template Dimensions
SLD3,SLD3_GT_27,1434,325,52,33,2.2,Reconstructed from Stage 2.5 Base Template Dimensions
SLD3,SLD3_GT_28,1464,325,52,33,2.2,Reconstructed from Stage 2.5 Base Template Dimensions
SLD3,SLD3_GT_29,1494,325,52,33,2.2,Reconstructed from Stage 2.5 Base Template Dimensions
SLD3,SLD3_GT_30,1524,325,52,33,2.2,Reconstructed from Stage 2.5 Base Template Dimensions
SLD3,SLD3_GT_31,1554,325,52,33,2.2,Reconstructed from Stage 2.5 Base Template Dimensions
SLD3,SLD3_GT_32,1584,325,52,33,2.2,Reconstructed from Stage 2.5 Base Template Dimensions
SLD3,SLD3_GT_33,1614,325,52,33,2.2,Reconstructed from Stage 2.5 Base Template Dimensions
SLD3,SLD3_GT_34,1646,325,52,33,2.2,Reconstructed from Stage 2.5 Base Template Dimensions
SLD3,SLD3_GT_35,1746,0,33,52,3.466666666666667,Reconstructed from Stage 2.5 Base Template Dimensions
SLD3,SLD3_GT_36,1746,30,33,52,3.466666666666667,Reconstructed from Stage 2.5 Base Template Dimensions
SLD3,SLD3_GT_37,1746,100,33,52,3.466666666666667,Reconstructed from Stage 2.5 Base Template Dimensions
SLD3,SLD3_GT_38,1746,196,33,52,3.466666666666667,Reconstructed from Stage 2.5 Base Template Dimensions
SLD3,SLD3_GT_39,1746,226,33,52,3.466666666666667,Reconstructed from Stage 2.5 Base Template Dimensions
SLD3,SLD3_GT_40,1746,256,33,52,3.466666666666667,Reconstructed from Stage 2.5 Base Template Dimensions
SLD3,SLD3_GT_41,1731,282,38,60,4.0,Reconstructed from Stage 2.5 Base Template Dimensions
SLD3,SLD3_GT_42,1453,172,36,23,1.5333333333333334,Reconstructed from Stage 2.5 Base Template Dimensions
SLD3,SLD3_GT_43,555,172,36,23,1.5333333333333334,Reconstructed from Stage 2.5 Base Template Dimensions
SLD3,SLD3_GT_44,871,57,36,23,1.5333333333333334,Reconstructed from Stage 2.5 Base Template Dimensions
SLD3,SLD3_GT_45,36,142,23,36,2.4,Reconstructed from Stage 2.5 Base Template Dimensions
SLD3,SLD3_GT_46,701,82,23,36,2.4,Reconstructed from Stage 2.5 Base Template Dimensions
SLD3,SLD3_GT_47,1042,80,23,36,2.4,Reconstructed from Stage 2.5 Base Template Dimensions
SLD3,SLD3_GT_48,828,172,36,23,1.5333333333333334,Reconstructed from Stage 2.5 Base Template Dimensions
SLD3,SLD3_GT_49,979,114,23,36,2.4,Reconstructed from Stage 2.5 Base Template Dimensions
SLD3,SLD3_GT_50,1749,130,23,36,2.4,Reconstructed from Stage 2.5 Base Template Dimensions
SLD3,SLD3_GT_51,518,174,32,20,1.3333333333333333,Reconstructed from Stage 2.5 Base Template Dimensions
SLD3,SLD3_GT_52,1416,174,32,20,1.3333333333333333,Reconstructed from Stage 2.5 Base Template Dimensions
SLD3,SLD3_GT_53,482,172,36,23,1.5333333333333334,Reconstructed from Stage 2.5 Base Template Dimensions
SLD3,SLD3_GT_54,865,204,23,36,2.4,Reconstructed from Stage 2.5 Base Template Dimensions
SLD3,SLD3_GT_55,1380,172,36,23,1.5333333333333334,Reconstructed from Stage 2.5 Base Template Dimensions
SLD3,SLD3_GT_56,892,26,36,23,1.5333333333333334,Reconstructed from Stage 2.5 Base Template Dimensions
SLD3,SLD3_GT_57,164,87,23,36,2.4,Reconstructed from Stage 2.5 Base Template Dimensions
SLD3,SLD3_GT_58,232,174,32,20,1.3333333333333333,Reconstructed from Stage 2.5 Base Template Dimensions
SLD3,SLD3_GT_59,865,306,23,36,2.4,Reconstructed from Stage 2.5 Base Template Dimensions
SLD3,SLD3_GT_60,1593,88,23,36,2.4,Reconstructed from Stage 2.5 Base Template Dimensions
SLD3,SLD3_GT_61,1130,174,32,20,1.3333333333333333,Reconstructed from Stage 2.5 Base Template Dimensions
SLD3,SLD3_GT_62,1517,156,36,23,1.5333333333333334,Reconstructed from Stage 2.5 Base Template Dimensions
SLD3,SLD3_GT_63,885,158,68,43,2.8666666666666667,Reconstructed from Stage 2.5 Base Template Dimensions
SLD4,SLD4_GT_0,738,134,68,43,2.8666666666666667,Reconstructed from Stage 2.5 Base Template Dimensions
SLD4,SLD4_GT_1,649,39,23,36,2.4,Reconstructed from Stage 2.5 Base Template Dimensions
SLD4,SLD4_GT_2,430,130,40,25,1.6666666666666667,Reconstructed from Stage 2.5 Base Template Dimensions
SLD4,SLD4_GT_3,112,45,23,36,2.4,Reconstructed from Stage 2.5 Base Template Dimensions
SLD4,SLD4_GT_4,500,130,40,25,1.6666666666666667,Reconstructed from Stage 2.5 Base Template Dimensions
SLD4,SLD4_GT_5,567,117,32,20,1.3333333333333333,Reconstructed from Stage 2.5 Base Template Dimensions
SLD4,SLD4_GT_6,216,130,40,25,1.6666666666666667,Reconstructed from Stage 2.5 Base Template Dimensions
SLD7,SLD7_GT_0,1709,120,46,72,4.8,Reconstructed from Stage 2.5 Base Template Dimensions
SLD7,SLD7_GT_1,1709,736,46,72,4.8,Reconstructed from Stage 2.5 Base Template Dimensions
SLD7,SLD7_GT_2,1667,178,72,46,3.066666666666667,Reconstructed from Stage 2.5 Base Template Dimensions
SLD7,SLD7_GT_3,1711,413,43,68,4.533333333333333,Reconstructed from Stage 2.5 Base Template Dimensions
SLD7,SLD7_GT_4,31,711,72,46,3.066666666666667,Reconstructed from Stage 2.5 Base Template Dimensions
SLD7,SLD7_GT_5,562,713,68,43,2.8666666666666667,Reconstructed from Stage 2.5 Base Template Dimensions
SLD7,SLD7_GT_6,1726,439,43,68,4.533333333333333,Reconstructed from Stage 2.5 Base Template Dimensions
SLD7,SLD7_GT_7,1725,519,46,72,4.8,Reconstructed from Stage 2.5 Base Template Dimensions
SLD7,SLD7_GT_8,1726,17,43,68,4.533333333333333,Reconstructed from Stage 2.5 Base Template Dimensions
SLD7,SLD7_GT_9,243,711,72,46,3.066666666666667,Reconstructed from Stage 2.5 Base Template Dimensions
SLD7,SLD7_GT_10,65,711,72,46,3.066666666666667,Reconstructed from Stage 2.5 Base Template Dimensions
SLD7,SLD7_GT_11,97,711,72,46,3.066666666666667,Reconstructed from Stage 2.5 Base Template Dimensions
SLD7,SLD7_GT_12,129,711,72,46,3.066666666666667,Reconstructed from Stage 2.5 Base Template Dimensions
SLD7,SLD7_GT_13,163,711,72,46,3.066666666666667,Reconstructed from Stage 2.5 Base Template Dimensions
SLD7,SLD7_GT_14,193,711,72,46,3.066666666666667,Reconstructed from Stage 2.5 Base Template Dimensions
SLD7,SLD7_GT_15,273,711,72,46,3.066666666666667,Reconstructed from Stage 2.5 Base Template Dimensions
SLD7,SLD7_GT_16,307,711,72,46,3.066666666666667,Reconstructed from Stage 2.5 Base Template Dimensions
SLD7,SLD7_GT_17,339,711,72,46,3.066666666666667,Reconstructed from Stage 2.5 Base Template Dimensions
SLD7,SLD7_GT_18,371,711,72,46,3.066666666666667,Reconstructed from Stage 2.5 Base Template Dimensions
SLD7,SLD7_GT_19,403,711,72,46,3.066666666666667,Reconstructed from Stage 2.5 Base Template Dimensions
SLD7,SLD7_GT_20,435,711,72,46,3.066666666666667,Reconstructed from Stage 2.5 Base Template Dimensions
SLD7,SLD7_GT_21,1518,178,72,46,3.066666666666667,Reconstructed from Stage 2.5 Base Template Dimensions
SLD7,SLD7_GT_22,1545,162,72,46,3.066666666666667,Reconstructed from Stage 2.5 Base Template Dimensions
SLD7,SLD7_GT_23,1575,162,72,46,3.066666666666667,Reconstructed from Stage 2.5 Base Template Dimensions
SLD7,SLD7_GT_24,1609,162,72,46,3.066666666666667,Reconstructed from Stage 2.5 Base Template Dimensions
SLD7,SLD7_GT_25,1639,162,72,46,3.066666666666667,Reconstructed from Stage 2.5 Base Template Dimensions
SLD7,SLD7_GT_26,465,711,72,46,3.066666666666667,Reconstructed from Stage 2.5 Base Template Dimensions
SLD7,SLD7_GT_27,495,711,72,46,3.066666666666667,Reconstructed from Stage 2.5 Base Template Dimensions
SLD7,SLD7_GT_28,525,711,72,46,3.066666666666667,Reconstructed from Stage 2.5 Base Template Dimensions
SLD7,SLD7_GT_29,1725,549,46,72,4.8,Reconstructed from Stage 2.5 Base Template Dimensions
SLD7,SLD7_GT_30,1725,579,46,72,4.8,Reconstructed from Stage 2.5 Base Template Dimensions
SLD7,SLD7_GT_31,1725,609,46,72,4.8,Reconstructed from Stage 2.5 Base Template Dimensions
SLD7,SLD7_GT_32,1725,639,46,72,4.8,Reconstructed from Stage 2.5 Base Template Dimensions
SLD7,SLD7_GT_33,1725,669,46,72,4.8,Reconstructed from Stage 2.5 Base Template Dimensions
SLD7,SLD7_GT_34,1725,699,46,72,4.8,Reconstructed from Stage 2.5 Base Template Dimensions
SLD7,SLD7_GT_35,218,728,68,43,2.8666666666666667,Reconstructed from Stage 2.5 Base Template Dimensions
SLD7,SLD7_GT_36,1215,178,36,23,1.5333333333333334,Reconstructed from Stage 2.5 Base Template Dimensions
SLD7,SLD7_GT_37,1215,729,36,23,1.5333333333333334,Reconstructed from Stage 2.5 Base Template Dimensions
SLD7,SLD7_GT_38,20,336,33,52,3.466666666666667,Reconstructed from Stage 2.5 Base Template Dimensions
SLD7,SLD7_GT_39,1711,341,43,68,4.533333333333333,Reconstructed from Stage 2.5 Base Template Dimensions
SLD7,SLD7_GT_40,23,410,23,36,2.4,Reconstructed from Stage 2.5 Base Template Dimensions
SLD7,SLD7_GT_41,15,772,23,36,2.4,Reconstructed from Stage 2.5 Base Template Dimensions
SLD7,SLD7_GT_42,1711,197,43,68,4.533333333333333,Reconstructed from Stage 2.5 Base Template Dimensions
SLD7,SLD7_GT_43,8,172,33,52,3.466666666666667,Reconstructed from Stage 2.5 Base Template Dimensions
SLD7,SLD7_GT_44,23,743,23,36,2.4,Reconstructed from Stage 2.5 Base Template Dimensions
SLD7,SLD7_GT_45,20,230,33,52,3.466666666666667,Reconstructed from Stage 2.5 Base Template Dimensions
SLD7,SLD7_GT_46,6,685,36,56,3.7333333333333334,Reconstructed from Stage 2.5 Base Template Dimensions
SLD7,SLD7_GT_47,1711,282,43,68,4.533333333333333,Reconstructed from Stage 2.5 Base Template Dimensions
SLD7,SLD7_GT_48,577,145,36,56,3.7333333333333334,Reconstructed from Stage 2.5 Base Template Dimensions
SLD7,SLD7_GT_49,435,332,52,33,2.2,Reconstructed from Stage 2.5 Base Template Dimensions
SLD7,SLD7_GT_50,1741,793,36,23,1.5333333333333334,Reconstructed from Stage 2.5 Base Template Dimensions
SLD7,SLD7_GT_51,18,98,38,60,4.0,Reconstructed from Stage 2.5 Base Template Dimensions
SLD7,SLD7_GT_52,19,519,36,56,3.7333333333333334,Reconstructed from Stage 2.5 Base Template Dimensions
SLD7,SLD7_GT_53,20,283,33,52,3.466666666666667,Reconstructed from Stage 2.5 Base Template Dimensions
SLD7,SLD7_GT_54,654,502,60,38,2.533333333333333,Reconstructed from Stage 2.5 Base Template Dimensions
SLD7,SLD7_GT_55,1196,17,36,23,1.5333333333333334,Reconstructed from Stage 2.5 Base Template Dimensions
SLD7,SLD7_GT_56,1711,245,43,68,4.533333333333333,Reconstructed from Stage 2.5 Base Template Dimensions
SLD7,SLD7_GT_57,503,332,52,33,2.2,Reconstructed from Stage 2.5 Base Template Dimensions
SLD7,SLD7_GT_58,1450,181,60,38,2.533333333333333,Reconstructed from Stage 2.5 Base Template Dimensions
SLD7,SLD7_GT_59,17,377,20,32,2.1333333333333333,Reconstructed from Stage 2.5 Base Template Dimensions
SLD7,SLD7_GT_60,566,251,33,52,3.466666666666667,Reconstructed from Stage 2.5 Base Template Dimensions
SLD7,SLD7_GT_61,615,87,52,33,2.2,Reconstructed from Stage 2.5 Base Template Dimensions
SLD7,SLD7_GT_62,910,387,52,33,2.2,Reconstructed from Stage 2.5 Base Template Dimensions
SLD7,SLD7_GT_63,645,87,52,33,2.2,Reconstructed from Stage 2.5 Base Template Dimensions
SLD7,SLD7_GT_64,534,344,52,33,2.2,Reconstructed from Stage 2.5 Base Template Dimensions
SLD7,SLD7_GT_65,511,399,52,33,2.2,Reconstructed from Stage 2.5 Base Template Dimensions
SLD7,SLD7_GT_66,1245,171,52,33,2.2,Reconstructed from Stage 2.5 Base Template Dimensions
SLD7,SLD7_GT_67,1275,171,52,33,2.2,Reconstructed from Stage 2.5 Base Template Dimensions
SLD7,SLD7_GT_68,1305,171,52,33,2.2,Reconstructed from Stage 2.5 Base Template Dimensions
SLD7,SLD7_GT_69,1335,171,52,33,2.2,Reconstructed from Stage 2.5 Base Template Dimensions
SLD7,SLD7_GT_70,1365,171,52,33,2.2,Reconstructed from Stage 2.5 Base Template Dimensions
SLD7,SLD7_GT_71,1395,171,52,33,2.2,Reconstructed from Stage 2.5 Base Template Dimensions
SLD7,SLD7_GT_72,210,387,52,33,2.2,Reconstructed from Stage 2.5 Base Template Dimensions
SLD7,SLD7_GT_73,310,387,52,33,2.2,Reconstructed from Stage 2.5 Base Template Dimensions
SLD7,SLD7_GT_74,1009,387,52,33,2.2,Reconstructed from Stage 2.5 Base Template Dimensions
SLD7,SLD7_GT_75,1109,387,52,33,2.2,Reconstructed from Stage 2.5 Base Template Dimensions
SLD7,SLD7_GT_76,1209,387,52,33,2.2,Reconstructed from Stage 2.5 Base Template Dimensions
SLD7,SLD7_GT_77,1309,387,52,33,2.2,Reconstructed from Stage 2.5 Base Template Dimensions
SLD7,SLD7_GT_78,1409,387,52,33,2.2,Reconstructed from Stage 2.5 Base Template Dimensions
SLD7,SLD7_GT_79,1509,387,52,33,2.2,Reconstructed from Stage 2.5 Base Template Dimensions
SLD7,SLD7_GT_80,1608,387,52,33,2.2,Reconstructed from Stage 2.5 Base Template Dimensions
SLD7,SLD7_GT_81,38,492,52,33,2.2,Reconstructed from Stage 2.5 Base Template Dimensions
SLD7,SLD7_GT_82,110,786,52,33,2.2,Reconstructed from Stage 2.5 Base Template Dimensions
SLD7,SLD7_GT_83,211,786,52,33,2.2,Reconstructed from Stage 2.5 Base Template Dimensions
SLD7,SLD7_GT_84,311,786,52,33,2.2,Reconstructed from Stage 2.5 Base Template Dimensions
SLD7,SLD7_GT_85,410,786,52,33,2.2,Reconstructed from Stage 2.5 Base Template Dimensions
SLD7,SLD7_GT_86,510,786,52,33,2.2,Reconstructed from Stage 2.5 Base Template Dimensions
SLD7,SLD7_GT_87,710,786,52,33,2.2,Reconstructed from Stage 2.5 Base Template Dimensions
SLD7,SLD7_GT_88,810,786,52,33,2.2,Reconstructed from Stage 2.5 Base Template Dimensions
SLD7,SLD7_GT_89,909,786,52,33,2.2,Reconstructed from Stage 2.5 Base Template Dimensions
SLD7,SLD7_GT_90,1009,786,52,33,2.2,Reconstructed from Stage 2.5 Base Template Dimensions
SLD7,SLD7_GT_91,1109,786,52,33,2.2,Reconstructed from Stage 2.5 Base Template Dimensions
SLD7,SLD7_GT_92,1310,786,52,33,2.2,Reconstructed from Stage 2.5 Base Template Dimensions
SLD7,SLD7_GT_93,1409,786,52,33,2.2,Reconstructed from Stage 2.5 Base Template Dimensions
SLD7,SLD7_GT_94,1509,786,52,33,2.2,Reconstructed from Stage 2.5 Base Template Dimensions
SLD7,SLD7_GT_95,20,0,33,52,3.466666666666667,Reconstructed from Stage 2.5 Base Template Dimensions
SLD7,SLD7_GT_96,20,30,33,52,3.466666666666667,Reconstructed from Stage 2.5 Base Template Dimensions
SLD7,SLD7_GT_97,20,128,33,52,3.466666666666667,Reconstructed from Stage 2.5 Base Template Dimensions
SLD7,SLD7_GT_98,20,440,33,52,3.466666666666667,Reconstructed from Stage 2.5 Base Template Dimensions
SLD7,SLD7_GT_99,20,549,33,52,3.466666666666667,Reconstructed from Stage 2.5 Base Template Dimensions
SLD7,SLD7_GT_100,20,579,33,52,3.466666666666667,Reconstructed from Stage 2.5 Base Template Dimensions
SLD7,SLD7_GT_101,20,609,33,52,3.466666666666667,Reconstructed from Stage 2.5 Base Template Dimensions
SLD7,SLD7_GT_102,20,639,33,52,3.466666666666667,Reconstructed from Stage 2.5 Base Template Dimensions
SLD7,SLD7_GT_103,110,399,52,33,2.2,Reconstructed from Stage 2.5 Base Template Dimensions
SLD7,SLD7_GT_104,410,399,52,33,2.2,Reconstructed from Stage 2.5 Base Template Dimensions
SLD7,SLD7_GT_105,710,399,52,33,2.2,Reconstructed from Stage 2.5 Base Template Dimensions
SLD7,SLD7_GT_106,810,399,52,33,2.2,Reconstructed from Stage 2.5 Base Template Dimensions
SLD7,SLD7_GT_107,610,387,52,33,2.2,Reconstructed from Stage 2.5 Base Template Dimensions
SLD7,SLD7_GT_108,610,786,52,33,2.2,Reconstructed from Stage 2.5 Base Template Dimensions
SLD7,SLD7_GT_109,1608,786,52,33,2.2,Reconstructed from Stage 2.5 Base Template Dimensions
SLD7,SLD7_GT_110,1164,87,52,33,2.2,Reconstructed from Stage 2.5 Base Template Dimensions
SLD7,SLD7_GT_111,1711,88,43,68,4.533333333333333,Reconstructed from Stage 2.5 Base Template Dimensions
SLD7,SLD7_GT_112,1164,504,52,33,2.2,Reconstructed from Stage 2.5 Base Template Dimensions
SLD7,SLD7_GT_113,1741,394,36,23,1.5333333333333334,Reconstructed from Stage 2.5 Base Template Dimensions
SLD7,SLD7_GT_114,38,75,52,33,2.2,Reconstructed from Stage 2.5 Base Template Dimensions
SLD7,SLD7_GT_115,678,90,36,23,1.5333333333333334,Reconstructed from Stage 2.5 Base Template Dimensions
SLD7,SLD7_GT_116,688,502,60,38,2.533333333333333,Reconstructed from Stage 2.5 Base Template Dimensions
SLD7,SLD7_GT_117,1223,503,56,36,2.4,Reconstructed from Stage 2.5 Base Template Dimensions
SLD7,SLD7_GT_118,1492,162,72,46,3.066666666666667,Reconstructed from Stage 2.5 Base Template Dimensions
SLD7,SLD7_GT_119,546,82,36,23,1.5333333333333334,Reconstructed from Stage 2.5 Base Template Dimensions
SLD7,SLD7_GT_120,1209,793,36,23,1.5333333333333334,Reconstructed from Stage 2.5 Base Template Dimensions
SLD7,SLD7_GT_121,23,198,23,36,2.4,Reconstructed from Stage 2.5 Base Template Dimensions
SLD7,SLD7_GT_122,15,471,23,36,2.4,Reconstructed from Stage 2.5 Base Template Dimensions
SLD7,SLD7_GT_123,594,515,23,36,2.4,Reconstructed from Stage 2.5 Base Template Dimensions
SLD7,SLD7_GT_124,1684,398,56,36,2.4,Reconstructed from Stage 2.5 Base Template Dimensions
SLD7,SLD7_GT_125,1725,485,46,72,4.8,Reconstructed from Stage 2.5 Base Template Dimensions
SLD7,SLD7_GT_126,1697,786,52,33,2.2,Reconstructed from Stage 2.5 Base Template Dimensions
SLD7,SLD7_GT_127,603,436,36,23,1.5333333333333334,Reconstructed from Stage 2.5 Base Template Dimensions
SLD7,SLD7_GT_128,1725,61,46,72,4.8,Reconstructed from Stage 2.5 Base Template Dimensions
SLD7,SLD7_GT_129,1237,90,36,23,1.5333333333333334,Reconstructed from Stage 2.5 Base Template Dimensions
SLD7,SLD7_GT_130,590,70,64,41,2.7333333333333334,Reconstructed from Stage 2.5 Base Template Dimensions
SLD7,SLD7_GT_131,138,384,60,38,2.533333333333333,Reconstructed from Stage 2.5 Base Template Dimensions
SLD7,SLD7_GT_132,878,384,60,38,2.533333333333333,Reconstructed from Stage 2.5 Base Template Dimensions
SLD7,SLD7_GT_133,79,384,60,38,2.533333333333333,Reconstructed from Stage 2.5 Base Template Dimensions
SLD7,SLD7_GT_134,592,669,46,72,4.8,Reconstructed from Stage 2.5 Base Template Dimensions
SLD7,SLD7_GT_135,478,504,52,33,2.2,Reconstructed from Stage 2.5 Base Template Dimensions
SLD7,SLD7_GT_136,838,384,60,38,2.533333333333333,Reconstructed from Stage 2.5 Base Template Dimensions
SLD7,SLD7_GT_137,1638,384,60,38,2.533333333333333,Reconstructed from Stage 2.5 Base Template Dimensions
SLD7,SLD7_GT_138,640,384,60,38,2.533333333333333,Reconstructed from Stage 2.5 Base Template Dimensions
SLD7,SLD7_GT_139,1178,384,60,38,2.533333333333333,Reconstructed from Stage 2.5 Base Template Dimensions
SLD7,SLD7_GT_140,1278,384,60,38,2.533333333333333,Reconstructed from Stage 2.5 Base Template Dimensions
SLD7,SLD7_GT_141,379,384,60,38,2.533333333333333,Reconstructed from Stage 2.5 Base Template Dimensions
SLD7,SLD7_GT_142,479,399,52,33,2.2,Reconstructed from Stage 2.5 Base Template Dimensions
SLD7,SLD7_GT_143,340,384,60,38,2.533333333333333,Reconstructed from Stage 2.5 Base Template Dimensions
SLD7,SLD7_GT_144,1139,384,60,38,2.533333333333333,Reconstructed from Stage 2.5 Base Template Dimensions
SLD7,SLD7_GT_145,1239,384,60,38,2.533333333333333,Reconstructed from Stage 2.5 Base Template Dimensions
SLD7,SLD7_GT_146,681,384,60,38,2.533333333333333,Reconstructed from Stage 2.5 Base Template Dimensions
SLD7,SLD7_GT_147,1577,384,60,38,2.533333333333333,Reconstructed from Stage 2.5 Base Template Dimensions
SLD7,SLD7_GT_148,179,384,60,38,2.533333333333333,Reconstructed from Stage 2.5 Base Template Dimensions
SLD7,SLD7_GT_149,978,384,60,38,2.533333333333333,Reconstructed from Stage 2.5 Base Template Dimensions
SLD7,SLD7_GT_150,1478,384,60,38,2.533333333333333,Reconstructed from Stage 2.5 Base Template Dimensions
SLD7,SLD7_GT_151,1378,384,60,38,2.533333333333333,Reconstructed from Stage 2.5 Base Template Dimensions
SLD7,SLD7_GT_152,279,384,60,38,2.533333333333333,Reconstructed from Stage 2.5 Base Template Dimensions
SLD7,SLD7_GT_153,578,384,60,38,2.533333333333333,Reconstructed from Stage 2.5 Base Template Dimensions
SLD7,SLD7_GT_154,1078,384,60,38,2.533333333333333,Reconstructed from Stage 2.5 Base Template Dimensions
SLD7,SLD7_GT_155,940,384,60,38,2.533333333333333,Reconstructed from Stage 2.5 Base Template Dimensions
SLD7,SLD7_GT_156,1439,384,60,38,2.533333333333333,Reconstructed from Stage 2.5 Base Template Dimensions
SLD7,SLD7_GT_157,240,384,60,38,2.533333333333333,Reconstructed from Stage 2.5 Base Template Dimensions
SLD7,SLD7_GT_158,1039,384,60,38,2.533333333333333,Reconstructed from Stage 2.5 Base Template Dimensions
SLD7,SLD7_GT_159,1339,384,60,38,2.533333333333333,Reconstructed from Stage 2.5 Base Template Dimensions
SLD7,SLD7_GT_160,1697,507,36,23,1.5333333333333334,Reconstructed from Stage 2.5 Base Template Dimensions
SLD8,SLD8_GT_0,259,128,32,20,1.3333333333333333,Reconstructed from Stage 2.5 Base Template Dimensions
SLD8,SLD8_GT_1,315,128,32,20,1.3333333333333333,Reconstructed from Stage 2.5 Base Template Dimensions
SLD8,SLD8_GT_2,748,150,43,68,4.533333333333333,Reconstructed from Stage 2.5 Base Template Dimensions
SLD8,SLD8_GT_3,535,128,32,20,1.3333333333333333,Reconstructed from Stage 2.5 Base Template Dimensions
SLD8,SLD8_GT_4,22,234,46,72,4.8,Reconstructed from Stage 2.5 Base Template Dimensions
SLD8,SLD8_GT_5,371,128,32,20,1.3333333333333333,Reconstructed from Stage 2.5 Base Template Dimensions
SLD8,SLD8_GT_6,763,176,43,68,4.533333333333333,Reconstructed from Stage 2.5 Base Template Dimensions
SLD8,SLD8_GT_7,39,453,43,68,4.533333333333333,Reconstructed from Stage 2.5 Base Template Dimensions
SLD8,SLD8_GT_8,38,147,46,72,4.8,Reconstructed from Stage 2.5 Base Template Dimensions
SLD8,SLD8_GT_9,38,42,46,72,4.8,Reconstructed from Stage 2.5 Base Template Dimensions
SLD8,SLD8_GT_10,38,177,46,72,4.8,Reconstructed from Stage 2.5 Base Template Dimensions
SLD8,SLD8_GT_11,38,0,46,72,4.8,Reconstructed from Stage 2.5 Base Template Dimensions
SLD8,SLD8_GT_12,38,207,46,72,4.8,Reconstructed from Stage 2.5 Base Template Dimensions
SLD8,SLD8_GT_13,762,283,46,72,4.8,Reconstructed from Stage 2.5 Base Template Dimensions
SLD8,SLD8_GT_14,39,313,43,68,4.533333333333333,Reconstructed from Stage 2.5 Base Template Dimensions
SLD8,SLD8_GT_15,763,313,43,68,4.533333333333333,Reconstructed from Stage 2.5 Base Template Dimensions
SLD8,SLD8_GT_16,24,69,43,68,4.533333333333333,Reconstructed from Stage 2.5 Base Template Dimensions
SLD8,SLD8_GT_17,39,373,43,68,4.533333333333333,Reconstructed from Stage 2.5 Base Template Dimensions
SLD8,SLD8_GT_18,39,262,43,68,4.533333333333333,Reconstructed from Stage 2.5 Base Template Dimensions
SLD8,SLD8_GT_19,453,128,32,20,1.3333333333333333,Reconstructed from Stage 2.5 Base Template Dimensions
SLD8,SLD8_GT_20,39,410,43,68,4.533333333333333,Reconstructed from Stage 2.5 Base Template Dimensions
SLD8,SLD8_GT_21,39,343,43,68,4.533333333333333,Reconstructed from Stage 2.5 Base Template Dimensions
SLD8,SLD8_GT_22,62,119,52,33,2.2,Reconstructed from Stage 2.5 Base Template Dimensions
SLD8,SLD8_GT_23,785,119,52,33,2.2,Reconstructed from Stage 2.5 Base Template Dimensions
SLD8,SLD8_GT_24,816,119,52,33,2.2,Reconstructed from Stage 2.5 Base Template Dimensions
SLD8,SLD8_GT_25,581,454,52,33,2.2,Reconstructed from Stage 2.5 Base Template Dimensions
SLD8,SLD8_GT_26,692,466,52,33,2.2,Reconstructed from Stage 2.5 Base Template Dimensions
SLD8,SLD8_GT_27,846,119,52,33,2.2,Reconstructed from Stage 2.5 Base Template Dimensions
SLD8,SLD8_GT_28,722,454,52,33,2.2,Reconstructed from Stage 2.5 Base Template Dimensions
SLD8,SLD8_GT_29,664,451,60,38,2.533333333333333,Reconstructed from Stage 2.5 Base Template Dimensions
SLD8,SLD8_GT_30,731,339,23,36,2.4,Reconstructed from Stage 2.5 Base Template Dimensions
SLD8,SLD8_GT_31,610,469,36,23,1.5333333333333334,Reconstructed from Stage 2.5 Base Template Dimensions
SLD8,SLD8_GT_32,156,126,36,23,1.5333333333333334,Reconstructed from Stage 2.5 Base Template Dimensions
SLD8,SLD8_GT_33,719,131,52,33,2.2,Reconstructed from Stage 2.5 Base Template Dimensions
SLD8,SLD8_GT_34,94,134,36,23,1.5333333333333334,Reconstructed from Stage 2.5 Base Template Dimensions
SLD8,SLD8_GT_35,763,206,43,68,4.533333333333333,Reconstructed from Stage 2.5 Base Template Dimensions
SLD8,SLD8_GT_36,590,128,32,20,1.3333333333333333,Reconstructed from Stage 2.5 Base Template Dimensions
SLD8,SLD8_GT_37,705,321,23,36,2.4,Reconstructed from Stage 2.5 Base Template Dimensions
SLD8,SLD8_GT_38,764,249,20,32,2.1333333333333333,Reconstructed from Stage 2.5 Base Template Dimensions
SLD8,SLD8_GT_39,22,107,46,72,4.8,Reconstructed from Stage 2.5 Base Template Dimensions
SLD9,SLD9_GT_0,741,134,46,72,4.8,Reconstructed from Stage 2.5 Base Template Dimensions
SLD9,SLD9_GT_1,741,164,46,72,4.8,Reconstructed from Stage 2.5 Base Template Dimensions
SLD9,SLD9_GT_2,727,191,43,68,4.533333333333333,Reconstructed from Stage 2.5 Base Template Dimensions
SLD9,SLD9_GT_3,725,287,46,72,4.8,Reconstructed from Stage 2.5 Base Template Dimensions
SLD9,SLD9_GT_4,742,468,43,68,4.533333333333333,Reconstructed from Stage 2.5 Base Template Dimensions
SLD9,SLD9_GT_5,727,375,43,68,4.533333333333333,Reconstructed from Stage 2.5 Base Template Dimensions
SLD9,SLD9_GT_6,280,112,20,32,2.1333333333333333,Reconstructed from Stage 2.5 Base Template Dimensions
SLD9,SLD9_GT_7,1226,113,32,20,1.3333333333333333,Reconstructed from Stage 2.5 Base Template Dimensions
SLD9,SLD9_GT_8,741,333,46,72,4.8,Reconstructed from Stage 2.5 Base Template Dimensions
SLD10,SLD10_GT_0,169,645,32,20,1.3333333333333333,Reconstructed from Stage 2.5 Base Template Dimensions
SLD10,SLD10_GT_1,1336,525,43,68,4.533333333333333,Reconstructed from Stage 2.5 Base Template Dimensions
SLD10,SLD10_GT_2,1319,178,46,72,4.8,Reconstructed from Stage 2.5 Base Template Dimensions
SLD10,SLD10_GT_3,1321,456,43,68,4.533333333333333,Reconstructed from Stage 2.5 Base Template Dimensions
SLD10,SLD10_GT_4,1319,18,46,72,4.8,Reconstructed from Stage 2.5 Base Template Dimensions
SLD10,SLD10_GT_5,1335,44,46,72,4.8,Reconstructed from Stage 2.5 Base Template Dimensions
SLD10,SLD10_GT_6,1321,280,43,68,4.533333333333333,Reconstructed from Stage 2.5 Base Template Dimensions
SLD10,SLD10_GT_7,1321,310,43,68,4.533333333333333,Reconstructed from Stage 2.5 Base Template Dimensions
SLD10,SLD10_GT_8,1321,360,43,68,4.533333333333333,Reconstructed from Stage 2.5 Base Template Dimensions
SLD10,SLD10_GT_9,1319,145,46,72,4.8,Reconstructed from Stage 2.5 Base Template Dimensions
SLD10,SLD10_GT_10,1335,555,46,72,4.8,Reconstructed from Stage 2.5 Base Template Dimensions
SLD10,SLD10_GT_11,1335,665,46,72,4.8,Reconstructed from Stage 2.5 Base Template Dimensions
SLD10,SLD10_GT_12,1335,695,46,72,4.8,Reconstructed from Stage 2.5 Base Template Dimensions
SLD10,SLD10_GT_13,1335,725,46,72,4.8,Reconstructed from Stage 2.5 Base Template Dimensions
SLD10,SLD10_GT_14,1335,755,46,72,4.8,Reconstructed from Stage 2.5 Base Template Dimensions
SLD10,SLD10_GT_15,1335,785,46,72,4.8,Reconstructed from Stage 2.5 Base Template Dimensions
SLD10,SLD10_GT_16,1335,815,46,72,4.8,Reconstructed from Stage 2.5 Base Template Dimensions
SLD10,SLD10_GT_17,1319,841,46,72,4.8,Reconstructed from Stage 2.5 Base Template Dimensions
SLD10,SLD10_GT_18,1321,394,43,68,4.533333333333333,Reconstructed from Stage 2.5 Base Template Dimensions
SLD10,SLD10_GT_19,1321,425,43,68,4.533333333333333,Reconstructed from Stage 2.5 Base Template Dimensions
SLD10,SLD10_GT_20,1321,241,43,68,4.533333333333333,Reconstructed from Stage 2.5 Base Template Dimensions
SLD10,SLD10_GT_21,169,116,32,20,1.3333333333333333,Reconstructed from Stage 2.5 Base Template Dimensions
SLD10,SLD10_GT_22,1336,585,43,68,4.533333333333333,Reconstructed from Stage 2.5 Base Template Dimensions
SLD10,SLD10_GT_23,687,235,36,23,1.5333333333333334,Reconstructed from Stage 2.5 Base Template Dimensions
SLD10,SLD10_GT_24,1351,235,36,23,1.5333333333333334,Reconstructed from Stage 2.5 Base Template Dimensions
SLD10,SLD10_GT_25,412,645,32,20,1.3333333333333333,Reconstructed from Stage 2.5 Base Template Dimensions
SLD10,SLD10_GT_26,670,29,36,23,1.5333333333333334,Reconstructed from Stage 2.5 Base Template Dimensions
SLD10,SLD10_GT_27,1092,645,32,20,1.3333333333333333,Reconstructed from Stage 2.5 Base Template Dimensions
SLD10,SLD10_GT_28,1290,238,60,38,2.533333333333333,Reconstructed from Stage 2.5 Base Template Dimensions
SLD10,SLD10_GT_29,1145,116,32,20,1.3333333333333333,Reconstructed from Stage 2.5 Base Template Dimensions
SLD10,SLD10_GT_30,675,808,36,56,3.7333333333333334,Reconstructed from Stage 2.5 Base Template Dimensions
SLD10,SLD10_GT_31,412,116,32,20,1.3333333333333333,Reconstructed from Stage 2.5 Base Template Dimensions
SLD10,SLD10_GT_32,1145,645,32,20,1.3333333333333333,Reconstructed from Stage 2.5 Base Template Dimensions
SLD10,SLD10_GT_33,1092,116,32,20,1.3333333333333333,Reconstructed from Stage 2.5 Base Template Dimensions
SLD10,SLD10_GT_34,465,645,32,20,1.3333333333333333,Reconstructed from Stage 2.5 Base Template Dimensions
SLD10,SLD10_GT_35,465,116,32,20,1.3333333333333333,Reconstructed from Stage 2.5 Base Template Dimensions
SLD10,SLD10_GT_36,664,713,33,52,3.466666666666667,Reconstructed from Stage 2.5 Base Template Dimensions
SLD10,SLD10_GT_37,732,228,52,33,2.2,Reconstructed from Stage 2.5 Base Template Dimensions
SLD10,SLD10_GT_38,764,228,52,33,2.2,Reconstructed from Stage 2.5 Base Template Dimensions
SLD10,SLD10_GT_39,1233,228,52,33,2.2,Reconstructed from Stage 2.5 Base Template Dimensions
SLD10,SLD10_GT_40,1381,228,52,33,2.2,Reconstructed from Stage 2.5 Base Template Dimensions
SLD10,SLD10_GT_41,1413,228,52,33,2.2,Reconstructed from Stage 2.5 Base Template Dimensions
SLD10,SLD10_GT_42,303,502,52,33,2.2,Reconstructed from Stage 2.5 Base Template Dimensions
SLD10,SLD10_GT_43,684,502,52,33,2.2,Reconstructed from Stage 2.5 Base Template Dimensions
SLD10,SLD10_GT_44,812,502,52,33,2.2,Reconstructed from Stage 2.5 Base Template Dimensions
SLD10,SLD10_GT_45,1064,502,52,33,2.2,Reconstructed from Stage 2.5 Base Template Dimensions
SLD10,SLD10_GT_46,1192,502,52,33,2.2,Reconstructed from Stage 2.5 Base Template Dimensions
SLD10,SLD10_GT_47,1494,240,52,33,2.2,Reconstructed from Stage 2.5 Base Template Dimensions
SLD10,SLD10_GT_48,794,228,52,33,2.2,Reconstructed from Stage 2.5 Base Template Dimensions
SLD10,SLD10_GT_49,824,228,52,33,2.2,Reconstructed from Stage 2.5 Base Template Dimensions
SLD10,SLD10_GT_50,854,228,52,33,2.2,Reconstructed from Stage 2.5 Base Template Dimensions
SLD10,SLD10_GT_51,884,228,52,33,2.2,Reconstructed from Stage 2.5 Base Template Dimensions
SLD10,SLD10_GT_52,914,228,52,33,2.2,Reconstructed from Stage 2.5 Base Template Dimensions
SLD10,SLD10_GT_53,944,228,52,33,2.2,Reconstructed from Stage 2.5 Base Template Dimensions
SLD10,SLD10_GT_54,974,228,52,33,2.2,Reconstructed from Stage 2.5 Base Template Dimensions
SLD10,SLD10_GT_55,1004,228,52,33,2.2,Reconstructed from Stage 2.5 Base Template Dimensions
SLD10,SLD10_GT_56,1034,228,52,33,2.2,Reconstructed from Stage 2.5 Base Template Dimensions
SLD10,SLD10_GT_57,1064,228,52,33,2.2,Reconstructed from Stage 2.5 Base Template Dimensions
SLD10,SLD10_GT_58,1094,228,52,33,2.2,Reconstructed from Stage 2.5 Base Template Dimensions
SLD10,SLD10_GT_59,1124,228,52,33,2.2,Reconstructed from Stage 2.5 Base Template Dimensions
SLD10,SLD10_GT_60,1154,228,52,33,2.2,Reconstructed from Stage 2.5 Base Template Dimensions
SLD10,SLD10_GT_61,1184,228,52,33,2.2,Reconstructed from Stage 2.5 Base Template Dimensions
SLD10,SLD10_GT_62,1450,228,52,33,2.2,Reconstructed from Stage 2.5 Base Template Dimensions
SLD10,SLD10_GT_63,1523,228,52,33,2.2,Reconstructed from Stage 2.5 Base Template Dimensions
SLD10,SLD10_GT_64,43,502,52,33,2.2,Reconstructed from Stage 2.5 Base Template Dimensions
SLD10,SLD10_GT_65,171,502,52,33,2.2,Reconstructed from Stage 2.5 Base Template Dimensions
SLD10,SLD10_GT_66,423,502,52,33,2.2,Reconstructed from Stage 2.5 Base Template Dimensions
SLD10,SLD10_GT_67,550,502,52,33,2.2,Reconstructed from Stage 2.5 Base Template Dimensions
SLD10,SLD10_GT_68,929,502,52,33,2.2,Reconstructed from Stage 2.5 Base Template Dimensions
SLD10,SLD10_GT_69,1437,502,52,33,2.2,Reconstructed from Stage 2.5 Base Template Dimensions
SLD10,SLD10_GT_70,759,53,23,36,2.4,Reconstructed from Stage 2.5 Base Template Dimensions
SLD10,SLD10_GT_71,4,629,68,43,2.8666666666666667,Reconstructed from Stage 2.5 Base Template Dimensions
SLD10,SLD10_GT_72,903,116,32,20,1.3333333333333333,Reconstructed from Stage 2.5 Base Template Dimensions
SLD10,SLD10_GT_73,664,743,33,52,3.466666666666667,Reconstructed from Stage 2.5 Base Template Dimensions
SLD10,SLD10_GT_74,664,136,33,52,3.466666666666667,Reconstructed from Stage 2.5 Base Template Dimensions
SLD10,SLD10_GT_75,674,672,38,60,4.0,Reconstructed from Stage 2.5 Base Template Dimensions
SLD10,SLD10_GT_76,787,777,36,23,1.5333333333333334,Reconstructed from Stage 2.5 Base Template Dimensions
SLD10,SLD10_GT_77,1310,504,48,30,2.0,Reconstructed from Stage 2.5 Base Template Dimensions
SLD10,SLD10_GT_78,903,645,32,20,1.3333333333333333,Reconstructed from Stage 2.5 Base Template Dimensions
SLD10,SLD10_GT_79,646,651,36,23,1.5333333333333334,Reconstructed from Stage 2.5 Base Template Dimensions
SLD10,SLD10_GT_80,1259,243,36,23,1.5333333333333334,Reconstructed from Stage 2.5 Base Template Dimensions
SLD10,SLD10_GT_81,71,517,36,23,1.5333333333333334,Reconstructed from Stage 2.5 Base Template Dimensions
SLD10,SLD10_GT_82,199,517,36,23,1.5333333333333334,Reconstructed from Stage 2.5 Base Template Dimensions
SLD10,SLD10_GT_83,453,517,36,23,1.5333333333333334,Reconstructed from Stage 2.5 Base Template Dimensions
SLD10,SLD10_GT_84,581,517,36,23,1.5333333333333334,Reconstructed from Stage 2.5 Base Template Dimensions
SLD10,SLD10_GT_85,959,517,36,23,1.5333333333333334,Reconstructed from Stage 2.5 Base Template Dimensions
SLD10,SLD10_GT_86,671,206,23,36,2.4,Reconstructed from Stage 2.5 Base Template Dimensions
SLD10,SLD10_GT_87,627,118,56,36,2.4,Reconstructed from Stage 2.5 Base Template Dimensions
SLD10,SLD10_GT_88,760,577,20,32,2.1333333333333333,Reconstructed from Stage 2.5 Base Template Dimensions
SLD10,SLD10_GT_89,46,51,20,32,2.1333333333333333,Reconstructed from Stage 2.5 Base Template Dimensions
SLD10,SLD10_GT_90,621,634,56,36,2.4,Reconstructed from Stage 2.5 Base Template Dimensions
SLD10,SLD10_GT_91,726,651,36,23,1.5333333333333334,Reconstructed from Stage 2.5 Base Template Dimensions
SLD10,SLD10_GT_92,1335,630,46,72,4.8,Reconstructed from Stage 2.5 Base Template Dimensions
SLD10,SLD10_GT_93,777,499,60,38,2.533333333333333,Reconstructed from Stage 2.5 Base Template Dimensions
SLD10,SLD10_GT_94,842,514,52,33,2.2,Reconstructed from Stage 2.5 Base Template Dimensions
SLD10,SLD10_GT_95,722,122,36,23,1.5333333333333334,Reconstructed from Stage 2.5 Base Template Dimensions
SLD10,SLD10_GT_96,1335,101,46,72,4.8,Reconstructed from Stage 2.5 Base Template Dimensions
SLD10,SLD10_GT_97,1222,514,52,33,2.2,Reconstructed from Stage 2.5 Base Template Dimensions
SLD10,SLD10_GT_98,13,499,60,38,2.533333333333333,Reconstructed from Stage 2.5 Base Template Dimensions
SLD10,SLD10_GT_99,1032,499,60,38,2.533333333333333,Reconstructed from Stage 2.5 Base Template Dimensions
SLD10,SLD10_GT_100,1160,499,60,38,2.533333333333333,Reconstructed from Stage 2.5 Base Template Dimensions
SLD10,SLD10_GT_101,332,512,60,38,2.533333333333333,Reconstructed from Stage 2.5 Base Template Dimensions
SLD10,SLD10_GT_102,1093,513,56,36,2.4,Reconstructed from Stage 2.5 Base Template Dimensions
SLD10,SLD10_GT_103,393,499,60,38,2.533333333333333,Reconstructed from Stage 2.5 Base Template Dimensions
SLD10,SLD10_GT_104,1280,499,60,38,2.533333333333333,Reconstructed from Stage 2.5 Base Template Dimensions
SLD10,SLD10_GT_105,1407,499,60,38,2.533333333333333,Reconstructed from Stage 2.5 Base Template Dimensions
SLD10,SLD10_GT_106,141,499,60,38,2.533333333333333,Reconstructed from Stage 2.5 Base Template Dimensions
SLD11,SLD11_GT_0,510,160,43,68,4.533333333333333,Reconstructed from Stage 2.5 Base Template Dimensions
SLD11,SLD11_GT_1,138,130,68,43,2.8666666666666667,Reconstructed from Stage 2.5 Base Template Dimensions
SLD11,SLD11_GT_2,525,130,68,43,2.8666666666666667,Reconstructed from Stage 2.5 Base Template Dimensions
SLD11,SLD11_GT_3,168,128,72,46,3.066666666666667,Reconstructed from Stage 2.5 Base Template Dimensions
SLD11,SLD11_GT_4,198,128,72,46,3.066666666666667,Reconstructed from Stage 2.5 Base Template Dimensions
SLD11,SLD11_GT_5,555,128,72,46,3.066666666666667,Reconstructed from Stage 2.5 Base Template Dimensions
SLD11,SLD11_GT_6,586,128,72,46,3.066666666666667,Reconstructed from Stage 2.5 Base Template Dimensions
SLD11,SLD11_GT_7,275,0,46,72,4.8,Reconstructed from Stage 2.5 Base Template Dimensions
SLD11,SLD11_GT_8,654,122,23,36,2.4,Reconstructed from Stage 2.5 Base Template Dimensions
SLD11,SLD11_GT_9,125,160,36,56,3.7333333333333334,Reconstructed from Stage 2.5 Base Template Dimensions
SLD11,SLD11_GT_10,121,197,23,36,2.4,Reconstructed from Stage 2.5 Base Template Dimensions
SLD11,SLD11_GT_11,223,145,68,43,2.8666666666666667,Reconstructed from Stage 2.5 Base Template Dimensions
SLD11,SLD11_GT_12,511,421,38,60,4.0,Reconstructed from Stage 2.5 Base Template Dimensions
SLD11,SLD11_GT_13,107,456,43,68,4.533333333333333,Reconstructed from Stage 2.5 Base Template Dimensions
SLD11,SLD11_GT_14,513,596,33,52,3.466666666666667,Reconstructed from Stage 2.5 Base Template Dimensions
SLD11,SLD11_GT_15,123,607,38,60,4.0,Reconstructed from Stage 2.5 Base Template Dimensions
SLD11,SLD11_GT_16,499,458,36,56,3.7333333333333334,Reconstructed from Stage 2.5 Base Template Dimensions
SLD11,SLD11_GT_17,107,532,43,68,4.533333333333333,Reconstructed from Stage 2.5 Base Template Dimensions
SLD11,SLD11_GT_18,13,8,33,52,3.466666666666667,Reconstructed from Stage 2.5 Base Template Dimensions
SLD11,SLD11_GT_19,353,8,33,52,3.466666666666667,Reconstructed from Stage 2.5 Base Template Dimensions
SLD11,SLD11_GT_20,353,119,33,52,3.466666666666667,Reconstructed from Stage 2.5 Base Template Dimensions
SLD11,SLD11_GT_21,13,120,33,52,3.466666666666667,Reconstructed from Stage 2.5 Base Template Dimensions
SLD11,SLD11_GT_22,13,229,33,52,3.466666666666667,Reconstructed from Stage 2.5 Base Template Dimensions
SLD11,SLD11_GT_23,353,229,33,52,3.466666666666667,Reconstructed from Stage 2.5 Base Template Dimensions
SLD11,SLD11_GT_24,13,339,33,52,3.466666666666667,Reconstructed from Stage 2.5 Base Template Dimensions
SLD11,SLD11_GT_25,353,339,33,52,3.466666666666667,Reconstructed from Stage 2.5 Base Template Dimensions
SLD11,SLD11_GT_26,13,449,33,52,3.466666666666667,Reconstructed from Stage 2.5 Base Template Dimensions
SLD11,SLD11_GT_27,353,449,33,52,3.466666666666667,Reconstructed from Stage 2.5 Base Template Dimensions
SLD11,SLD11_GT_28,13,560,33,52,3.466666666666667,Reconstructed from Stage 2.5 Base Template Dimensions
SLD11,SLD11_GT_29,353,560,33,52,3.466666666666667,Reconstructed from Stage 2.5 Base Template Dimensions
SLD11,SLD11_GT_30,513,626,33,52,3.466666666666667,Reconstructed from Stage 2.5 Base Template Dimensions
SLD11,SLD11_GT_31,125,637,33,52,3.466666666666667,Reconstructed from Stage 2.5 Base Template Dimensions
SLD11,SLD11_GT_32,501,566,33,52,3.466666666666667,Reconstructed from Stage 2.5 Base Template Dimensions
SLD11,SLD11_GT_33,129,30,23,36,2.4,Reconstructed from Stage 2.5 Base Template Dimensions
SLD11,SLD11_GT_34,107,487,43,68,4.533333333333333,Reconstructed from Stage 2.5 Base Template Dimensions
SLD11,SLD11_GT_35,662,0,23,36,2.4,Reconstructed from Stage 2.5 Base Template Dimensions
SLD11,SLD11_GT_36,516,657,23,36,2.4,Reconstructed from Stage 2.5 Base Template Dimensions
SLD11,SLD11_GT_37,178,478,36,23,1.5333333333333334,Reconstructed from Stage 2.5 Base Template Dimensions
SLD11,SLD11_GT_38,611,145,68,43,2.8666666666666667,Reconstructed from Stage 2.5 Base Template Dimensions
SLD11,SLD11_GT_39,557,470,36,23,1.5333333333333334,Reconstructed from Stage 2.5 Base Template Dimensions
SLD11,SLD11_GT_40,495,125,43,68,4.533333333333333,Reconstructed from Stage 2.5 Base Template Dimensions
SLD11,SLD11_GT_41,1,36,33,52,3.466666666666667,Reconstructed from Stage 2.5 Base Template Dimensions
SLD11,SLD11_GT_42,341,147,33,52,3.466666666666667,Reconstructed from Stage 2.5 Base Template Dimensions
SLD11,SLD11_GT_43,341,257,33,52,3.466666666666667,Reconstructed from Stage 2.5 Base Template Dimensions
SLD11,SLD11_GT_44,1,367,33,52,3.466666666666667,Reconstructed from Stage 2.5 Base Template Dimensions
SLD11,SLD11_GT_45,341,367,33,52,3.466666666666667,Reconstructed from Stage 2.5 Base Template Dimensions
SLD11,SLD11_GT_46,1,477,33,52,3.466666666666667,Reconstructed from Stage 2.5 Base Template Dimensions
SLD11,SLD11_GT_47,1,588,33,52,3.466666666666667,Reconstructed from Stage 2.5 Base Template Dimensions
SLD11,SLD11_GT_48,341,588,33,52,3.466666666666667,Reconstructed from Stage 2.5 Base Template Dimensions
SLD11,SLD11_GT_49,1,257,33,52,3.466666666666667,Reconstructed from Stage 2.5 Base Template Dimensions
SLD11,SLD11_GT_50,121,429,23,36,2.4,Reconstructed from Stage 2.5 Base Template Dimensions
SLD11,SLD11_GT_51,341,36,33,52,3.466666666666667,Reconstructed from Stage 2.5 Base Template Dimensions
SLD11,SLD11_GT_52,341,477,33,52,3.466666666666667,Reconstructed from Stage 2.5 Base Template Dimensions
SLD11,SLD11_GT_53,1,148,33,52,3.466666666666667,Reconstructed from Stage 2.5 Base Template Dimensions
SLD11,SLD11_GT_54,525,528,20,32,2.1333333333333333,Reconstructed from Stage 2.5 Base Template Dimensions
SLD11,SLD11_GT_55,516,311,23,36,2.4,Reconstructed from Stage 2.5 Base Template Dimensions
SLD11,SLD11_GT_56,110,579,38,60,4.0,Reconstructed from Stage 2.5 Base Template Dimensions
SLD11,SLD11_GT_57,11,88,38,60,4.0,Reconstructed from Stage 2.5 Base Template Dimensions
SLD11,SLD11_GT_58,11,529,38,60,4.0,Reconstructed from Stage 2.5 Base Template Dimensions
SLD11,SLD11_GT_59,1,646,33,52,3.466666666666667,Reconstructed from Stage 2.5 Base Template Dimensions
SLD11,SLD11_GT_60,341,646,33,52,3.466666666666667,Reconstructed from Stage 2.5 Base Template Dimensions
SLD11,SLD11_GT_61,351,87,38,60,4.0,Reconstructed from Stage 2.5 Base Template Dimensions
SLD11,SLD11_GT_62,351,528,38,60,4.0,Reconstructed from Stage 2.5 Base Template Dimensions
SLD12,SLD12_GT_0,508,47,20,32,2.1333333333333333,Reconstructed from Stage 2.5 Base Template Dimensions
SLD12,SLD12_GT_1,36,2,38,60,4.0,Reconstructed from Stage 2.5 Base Template Dimensions
SLD12,SLD12_GT_2,235,51,36,23,1.5333333333333334,Reconstructed from Stage 2.5 Base Template Dimensions
SLD12,SLD12_GT_3,54,71,23,36,2.4,Reconstructed from Stage 2.5 Base Template Dimensions
SLD12,SLD12_GT_4,167,59,36,23,1.5333333333333334,Reconstructed from Stage 2.5 Base Template Dimensions
SLD12,SLD12_GT_5,783,51,36,23,1.5333333333333334,Reconstructed from Stage 2.5 Base Template Dimensions
SLD12,SLD12_GT_6,843,74,23,36,2.4,Reconstructed from Stage 2.5 Base Template Dimensions
SLD12,SLD12_GT_7,549,53,32,20,1.3333333333333333,Reconstructed from Stage 2.5 Base Template Dimensions
SLD12,SLD12_GT_8,628,53,32,20,1.3333333333333333,Reconstructed from Stage 2.5 Base Template Dimensions
SLD12,SLD12_GT_9,443,53,32,20,1.3333333333333333,Reconstructed from Stage 2.5 Base Template Dimensions
